Name;Phone;Email;Consent
DesentoFossa Lisboa, Lda.;+351 912 345 678;geral@desentofossalisboa.pt;true
FossaLimpa Porto, Unipessoal Lda.;+351 913 222 110;contacto@fossalimpaporto.pt;true
HidroDesento Algarve, Lda.;+351 914 807 556;apoio@hidrodesentoalgarve.pt;true
Saneamento & Fossas Coimbra, Lda.;+351 915 640 332;geral@saneamentofossascoimbra.pt;true
Desentupimentos Tejo, Lda.;+351 916 118 904;servicos@desentupimentostejo.pt;true
FossaSegura Minho, Lda.;+351 917 509 771;geral@fossaseguraminho.pt;true
Hidrojato & Saneamento Aveiro, Lda.;+351 918 230 415;contacto@hidrojatoaveiro.pt;true
RemodelaCasa Norte, Lda.;+351 919 004 287;orcamentos@remodelacasanorte.pt;true
RenovaLar Lisboa, Lda.;+351 910 778 541;comercial@renovalarlisboa.pt;true
ObraPronta Setúbal, Lda.;+351 912 990 163;geral@obraprontasetubal.pt;true
Fossa & Canalização Braga, Lda.;+351 913 445 920;servicos@fossacanalizacaobraga.pt;true
Hidrosul Desentupimentos, Lda.;+351 914 331 608;geral@hidrosuldesentupimentos.pt;true
Saneamento Rápido Viseu, Lda.;+351 915 982 744;contacto@saneamentorapidoviseu.pt;true
FossaLimpa Madeira, Lda.;+351 916 404 399;geral@fossalimpamadeira.pt;true
AquaFossa Açores, Lda.;+351 917 888 206;geral@aquafossaacores.pt;true
Remodelações Atlântico, Lda.;+351 918 770 112;orcamentos@remodelacoesatlantico.pt;true
Reabilita & Renova Cascais, Lda.;+351 919 552 638;contacto@reabilitaerenovacascais.pt;true
Obras e Remodelação Douro, Lda.;+351 910 341 975;geral@obrasdouro.pt;true
DesentoFossa Linha, Lda.;+351 912 615 430;servicos@desentofossalinha.pt;true
FossaPronta Leiria, Lda.;+351 913 760 585;geral@fossaprontaleiria.pt;true