FunctionId;Name;TaxNumber
31;Ana Pereira;658608848
32;Carlos Santos;897472068
33;João Silva;828538967
34;Maria Costa;123434142
1;António Ferreira Sousa;345678901
2;Sofia Isabel Pereira;678901234
3;Pedro Miguel Carvalho;789012345
4;Beatriz Martins Lopes;890123456
5;Ricardo José Fernandes;901234567
6;Inês Margarida Gomes;012345678
7;José Manuel Ribeiro;123450789
8;Catarina Sofia Dias;234560890
9;Bruno Alexandre Costa;345670901
10;Márcia Cristina Teixeira;456780012
11;Paulo Jorge Monteiro;567890023
12;Filipa Raquel Pinto;678900134
13;Rui Pedro Correia;789010245
14;Cláudia Sofia Mendes;890120356
15;Miguel Ângelo Rocha;901230467
16;Patrícia Isabel Cardoso;012340578
17;Fernando José Nunes;123450689
18;Susana Maria Castro;234560790
19;Luís Miguel Azevedo;345670801
20;Andreia Filipa Moreira;456780912
21;Nuno Alexandre Marques;567891023
22;Joana Raquel Fonseca;678901134
23;Vitor Manuel Almeida;789012245
24;Sandra Isabel Barbosa;890123356
25;Hugo Miguel Lourenço;901234467
26;Liliana Sofia Pires;012345578
27;Tiago José Ramos;123456689
28;Vera Lúcia Coelho;234567790
29;Diogo Manuel Baptista;345678801
30;Teresa Cristina Tavares;456789912
1;Francisco José Cunha;567890234
